{
  "wins": 11,
  "losses": 39,
  "avg_win_time": 105.6,
  "avg_loss_time": 158.815,
  "p-value": 0,
  "successes": 0,
  "failures": 0,
  "q-value": 0.5508645833333331,
  "sojurn_time": 27.543229166666656,
  "iterations": 50,
  "test_type": "q-test"
}