{
  "wins": 8,
  "losses": 12,
  "avg_win_time": 192.0,
  "avg_loss_time": 96.83833333333334,
  "p-value": 0,
  "successes": 0,
  "failures": 0,
  "q-value": 0.6017465277777778,
  "sojurn_time": 12.034930555555556,
  "iterations": 20,
  "test_type": "q-test"
}