{
  "wins": 0,
  "losses": 2,
  "avg_win_time": 0.0,
  "avg_loss_time": 98.35833333333333,
  "p-value": 0,
  "successes": 0,
  "failures": 0,
  "q-value": 0.20491319444444445,
  "sojurn_time": 0.4098263888888889,
  "iterations": 2,
  "test_type": "q-test"
}