{
  "wins": 58,
  "losses": 42,
  "avg_win_time": 278.4,
  "avg_loss_time": 111.76033333333334,
  "p-value": 0,
  "successes": 0,
  "failures": 0,
  "q-value": 0.8128340277777778,
  "sojurn_time": 81.28340277777778,
  "iterations": 100,
  "type": "q-test"
}