{
  "wins": 25,
  "losses": 75,
  "avg_win_time": 120.0,
  "avg_loss_time": 225.00266666666678,
  "p-value": 0,
  "successes": 0,
  "failures": 0,
  "q-value": 0.7187555555555554,
  "sojurn_time": 71.87555555555554,
  "iterations": 100,
  "type": "q-test"
}